metric,value
pre_mean_NDVI,0.5837897036300645
post_mean_NDVI,0.508073637106404
mean_dNDVI,-0.0757160665236814
mean_dNBR,0.07439041391027504
